Workbook

Sheet แคตตาล็อก_สาขา2-3-4
A1: 🎯 แคตตาล็อกสินค้าและโครงสร้างราคา สาขา 2, 3, 4 (ครบทุกรายการรวมของทอด)
A2: สาขา 2 (เงินสด 68% เป้าพ้นขาดทุน) | สาขา 3 (แชมป์ยอดขาย กำไร +11k ถึง +16.5k/ด.) | สาขา 4 (เตาไฟฟ้า+QR Code คืนทุนค่าไฟ กำไร +7.5k ถึง +12k/ด.)
A4: ลำดับ | B4: รายการสินค้า (สาขา 2, 3, 4) | C4: ต้นทุนเนื้อ/หน่วย | D4: ราคาเดิม (บาท) | E4: กำไรเดิม (บาท) | F4: Margin เดิม | G4: สถานะเดิม | H4: ราคาใหม่ (บาท) | I4: กำไรใหม่ (บาท) | J4: Margin ใหม่ | K4: กำไรเพิ่มขึ้น | L4: สถานะใหม่
A5: 1 | B5: ฮอตเม็ด | C5: =ต้นทุนและราคาขาย_ทุกสินค้า!F5 -> 3.1578947 | D5: =ต้นทุนและราคาขาย_ทุกสินค้า!G5 -> 10 | E5: =ต้นทุนและราคาขาย_ทุกสินค้า!H5 -> 6.8421053 | F5: =ต้นทุนและราคาขาย_ทุกสินค้า!I5 -> 0.68421053 | G5: 🟢 Hero Product | H5: =ต้นทุนและราคาขาย_ทุกสินค้า!K5 -> 10 | I5: =ต้นทุนและราคาขาย_ทุกสินค้า!L5 -> 6.8421053 | J5: =ต้นทุนและราคาขาย_ทุกสินค้า!M5 -> 0.68421053 | K5: =ต้นทุนและราคาขาย_ทุกสินค้า!N5 -> 0 | L5: 🟢 คงเดิม (ป้าย 10 บ. เรียกลูกค้า)
A6: 2 | B6: หมูนิ่ม | C6: =ต้นทุนและราคาขาย_ทุกสินค้า!F6 -> 3.75 | D6: =ต้นทุนและราคาขาย_ทุกสินค้า!G6 -> 10 | E6: =ต้นทุนและราคาขาย_ทุกสินค้า!H6 -> 6.25 | F6: =ต้นทุนและราคาขาย_ทุกสินค้า!I6 -> 0.625 | G6: 🟢 กำไรดีมาก | H6: =ต้นทุนและราคาขาย_ทุกสินค้า!K6 -> 10 | I6: =ต้นทุนและราคาขาย_ทุกสินค้า!L6 -> 6.25 | J6: =ต้นทุนและราคาขาย_ทุกสินค้า!M6 -> 0.625 | K6: =ต้นทุนและราคาขาย_ทุกสินค้า!N6 -> 0 | L6: 🟢 คงเดิม (ตัวหลักยอดขาย)
A7: 3 | B7: ปลากลม | C7: =ต้นทุนและราคาขาย_ทุกสินค้า!F7 -> 4.8 | D7: =ต้นทุนและราคาขาย_ทุกสินค้า!G7 -> 10 | E7: =ต้นทุนและราคาขาย_ทุกสินค้า!H7 -> 5.2 | F7: =ต้นทุนและราคาขาย_ทุกสินค้า!I7 -> 0.52 | G7: 🟡 มาตรฐาน | H7: =ต้นทุนและราคาขาย_ทุกสินค้า!K7 -> 10 | I7: =ต้นทุนและราคาขาย_ทุกสินค้า!L7 -> 5.2 | J7: =ต้นทุนและราคาขาย_ทุกสินค้า!M7 -> 0.52 | K7: =ต้นทุนและราคาขาย_ทุกสินค้า!N7 -> 0 | L7: 🟡 ปลอดภัย (คงเดิม 10 บ.)
A8: 4 | B8: N หมู | C8: =ต้นทุนและราคาขาย_ทุกสินค้า!F8 -> 4.4827586 | D8: =ต้นทุนและราคาขาย_ทุกสินค้า!G8 -> 10 | E8: =ต้นทุนและราคาขาย_ทุกสินค้า!H8 -> 5.5172414 | F8: =ต้นทุนและราคาขาย_ทุกสินค้า!I8 -> 0.55172414 | G8: 🟡 มาตรฐาน | H8: =ต้นทุนและราคาขาย_ทุกสินค้า!K8 -> 10 | I8: =ต้นทุนและราคาขาย_ทุกสินค้า!L8 -> 5.5172414 | J8: =ต้นทุนและราคาขาย_ทุกสินค้า!M8 -> 0.55172414 | K8: =ต้นทุนและราคาขาย_ทุกสินค้า!N8 -> 0 | L8: 🟡 ปลอดภัย (คงเดิม 10 บ.)
A9: 5 | B9: N เนื้อ | C9: =ต้นทุนและราคาขาย_ทุกสินค้า!F9 -> 4.4827586 | D9: =ต้นทุนและราคาขาย_ทุกสินค้า!G9 -> 10 | E9: =ต้นทุนและราคาขาย_ทุกสินค้า!H9 -> 5.5172414 | F9: =ต้นทุนและราคาขาย_ทุกสินค้า!I9 -> 0.55172414 | G9: 🟡 มาตรฐาน | H9: =ต้นทุนและราคาขาย_ทุกสินค้า!K9 -> 10 | I9: =ต้นทุนและราคาขาย_ทุกสินค้า!L9 -> 5.5172414 | J9: =ต้นทุนและราคาขาย_ทุกสินค้า!M9 -> 0.55172414 | K9: =ต้นทุนและราคาขาย_ทุกสินค้า!N9 -> 0 | L9: 🟡 ปลอดภัย (คงเดิม 10 บ.)
A10: 6 | B10: เชฟ | C10: =ต้นทุนและราคาขาย_ทุกสินค้า!F10 -> 6.3636364 | D10: =ต้นทุนและราคาขาย_ทุกสินค้า!G10 -> 10 | E10: =ต้นทุนและราคาขาย_ทุกสินค้า!H10 -> 3.6363636 | F10: =ต้นทุนและราคาขาย_ทุกสินค้า!I10 -> 0.36363636 | G10: 🟠 กำไรเริ่มบาง | H10: =ต้นทุนและราคาขาย_ทุกสินค้า!K10 -> 12 | I10: =ต้นทุนและราคาขาย_ทุกสินค้า!L10 -> 5.6363636 | J10: =ต้นทุนและราคาขาย_ทุกสินค้า!M10 -> 0.46969697 | K10: =ต้นทุนและราคาขาย_ทุกสินค้า!N10 -> 2 | L10: 🟢 ฟื้นมาร์จิ้นสูง สุขภาพดี
A11: 7 | B11: หมูปิ้งนมสด 🔥 | C11: =ต้นทุนและราคาขาย_ทุกสินค้า!F11 -> 5.7692308 | D11: =ต้นทุนและราคาขาย_ทุกสินค้า!G11 -> 10 | E11: =ต้นทุนและราคาขาย_ทุกสินค้า!H11 -> 4.2307692 | F11: =ต้นทุนและราคาขาย_ทุกสินค้า!I11 -> 0.42307692 | G11: 🟠 กำไรบาง (ไม่พอกิน) | H11: =ต้นทุนและราคาขาย_ทุกสินค้า!K11 -> 12 | I11: =ต้นทุนและราคาขาย_ทุกสินค้า!L11 -> 6.2307692 | J11: =ต้นทุนและราคาขาย_ทุกสินค้า!M11 -> 0.51923077 | K11: =ต้นทุนและราคาขาย_ทุกสินค้า!N11 -> 2 | L11: 👑 พระเอกสร้างกำไร (ชุด 50 บ.)
A12: 8 | B12: จัมโบ้ | C12: =ต้นทุนและราคาขาย_ทุกสินค้า!F12 -> 6.0714286 | D12: =ต้นทุนและราคาขาย_ทุกสินค้า!G12 -> 10 | E12: =ต้นทุนและราคาขาย_ทุกสินค้า!H12 -> 3.9285714 | F12: =ต้นทุนและราคาขาย_ทุกสินค้า!I12 -> 0.39285714 | G12: 🔴 กำไรต่ำ เสี่ยงขาดทุน | H12: =ต้นทุนและราคาขาย_ทุกสินค้า!K12 -> 12 | I12: =ต้นทุนและราคาขาย_ทุกสินค้า!L12 -> 5.9285714 | J12: =ต้นทุนและราคาขาย_ทุกสินค้า!M12 -> 0.49404762 | K12: =ต้นทุนและราคาขาย_ทุกสินค้า!N12 -> 2 | L12: 🟢 พ้นจุดขาดทุน ปลอดภัย
A13: 9 | B13: หมูยอ | C13: =ต้นทุนและราคาขาย_ทุกสินค้า!F13 -> 6.25 | D13: =ต้นทุนและราคาขาย_ทุกสินค้า!G13 -> 10 | E13: =ต้นทุนและราคาขาย_ทุกสินค้า!H13 -> 3.75 | F13: =ต้นทุนและราคาขาย_ทุกสินค้า!I13 -> 0.375 | G13: 🔴 กินเนื้อตัวเอง | H13: =ต้นทุนและราคาขาย_ทุกสินค้า!K13 -> 12 | I13: =ต้นทุนและราคาขาย_ทุกสินค้า!L13 -> 5.75 | J13: =ต้นทุนและราคาขาย_ทุกสินค้า!M13 -> 0.47916667 | K13: =ต้นทุนและราคาขาย_ทุกสินค้า!N13 -> 2 | L13: 🟢 พรีเมียมกำไรหนา (12-15 บ.)
A14: 10 | B14: จ๊อเหลี่ยม | C14: =ต้นทุนและราคาขาย_ทุกสินค้า!F14 -> 6.25 | D14: =ต้นทุนและราคาขาย_ทุกสินค้า!G14 -> 10 | E14: =ต้นทุนและราคาขาย_ทุกสินค้า!H14 -> 3.75 | F14: =ต้นทุนและราคาขาย_ทุกสินค้า!I14 -> 0.375 | G14: 🔴 กินเนื้อตัวเอง | H14: =ต้นทุนและราคาขาย_ทุกสินค้า!K14 -> 12 | I14: =ต้นทุนและราคาขาย_ทุกสินค้า!L14 -> 5.75 | J14: =ต้นทุนและราคาขาย_ทุกสินค้า!M14 -> 0.47916667 | K14: =ต้นทุนและราคาขาย_ทุกสินค้า!N14 -> 2 | L14: 🟢 พรีเมียมกำไรหนา (12-15 บ.)
A15: 11 | B15: จ๊อห้าดาว ⭐⭐⭐⭐⭐ | C15: =ต้นทุนและราคาขาย_ทุกสินค้า!F15 -> 13.636364 | D15: =ต้นทุนและราคาขาย_ทุกสินค้า!G15 -> - | E15: =ต้นทุนและราคาขาย_ทุกสินค้า!H15 -> - | F15: =ต้นทุนและราคาขาย_ทุกสินค้า!I15 -> - | G15: 🟡 สินค้าใหม่ | H15: =ต้นทุนและราคาขาย_ทุกสินค้า!K15 -> 25 | I15: =ต้นทุนและราคาขาย_ทุกสินค้า!L15 -> 11.363636 | J15: =ต้นทุนและราคาขาย_ทุกสินค้า!M15 -> 0.45454545 | K15: =ต้นทุนและราคาขาย_ทุกสินค้า!N15 -> 11.363636 | L15: ⭐ ไฮเอนด์ กำไรสูงสุดต่อไม้ (฿11.36)
A16: 12 | B16: ไส้กรอกอีสาน 🌭 | C16: =ต้นทุนและราคาขาย_ทุกสินค้า!F16 -> 3.28125 | D16: =ต้นทุนและราคาขาย_ทุกสินค้า!G16 -> 5 | E16: =ต้นทุนและราคาขาย_ทุกสินค้า!H16 -> 1.71875 | F16: =ต้นทุนและราคาขาย_ทุกสินค้า!I16 -> 0.34375 | G16: 🔴 ขาดทุนแฝง แย่สุดในร้าน | H16: =ต้นทุนและราคาขาย_ทุกสินค้า!K16 -> 7 | I16: =ต้นทุนและราคาขาย_ทุกสินค้า!L16 -> 3.71875 | J16: =ต้นทุนและราคาขาย_ทุกสินค้า!M16 -> 0.53125 | K16: =ต้นทุนและราคาขาย_ทุกสินค้า!N16 -> 2 | L16: 🟢 พลิกกำไรพุ่ง 2 เท่า (3 ชิ้น 20)
... A21: 17 | B21: ขนมไข่เต่า 🥚 | C21: =ต้นทุนและราคาขาย_ทุกสินค้า!F21 -> 1 | D21: =ต้นทุนและราคาขาย_ทุกสินค้า!G21 -> 10 | E21: =ต้นทุนและราคาขาย_ทุกสินค้า!H21 -> 9 | F21: =ต้นทุนและราคาขาย_ทุกสินค้า!I21 -> 0.9 | G21: 🟡 บิลเล็ก ลูกค้าไม่อิ่ม | H21: =ต้นทุนและราคาขาย_ทุกสินค้า!K21 -> 20 | I21: =ต้นทุนและราคาขาย_ทุกสินค้า!L21 -> 19 | J21: =ต้นทุนและราคาขาย_ทุกสินค้า!M21 -> 0.95 | K21: =ต้นทุนและราคาขาย_ทุกสินค้า!N21 -> 10 | L21: 🟢 ชุดยอดฮิต กินเพลิน (7 ลูก)

Sheet แคตตาล็อก_สาขา1
A1: 🏆 แคตตาล็อกสินค้าและโครงสร้างราคา สาขาที่ 1 (ครบ 13 รายการ • ไม่มีของทอด)
A2: ข้อมูลสำหรับสาขา 1 : ยอดขายเฉลี่ย ฿44,000/ด. | ต้นทุนคงที่ ฿16,500/ด. (ค่าแรง 10.5k + เช่า/ไฟ 5k) | คาดการณ์กำไรใหม่: +฿8,500 ถึง +฿13,000/ด.
A4: ลำดับ | B4: รายการสินค้า (สาขา 1) | C4: ต้นทุนเนื้อ/หน่วย | D4: ราคาเดิม (บาท) | E4: กำไรเดิม (บาท) | F4: Margin เดิม | G4: สถานะเดิม | H4: ราคาใหม่ (บาท) | I4: กำไรใหม่ (บาท) | J4: Margin ใหม่ | K4: กำไรเพิ่มขึ้น | L4: สถานะใหม่
A5: 1 | B5: ฮอตเม็ด | C5: =ต้นทุนและราคาขาย_ทุกสินค้า!F5 -> 3.1578947 | D5: =ต้นทุนและราคาขาย_ทุกสินค้า!G5 -> 10 | E5: =ต้นทุนและราคาขาย_ทุกสินค้า!H5 -> 6.8421053 | F5: =ต้นทุนและราคาขาย_ทุกสินค้า!I5 -> 0.68421053 | G5: 🟢 Hero Product | H5: =ต้นทุนและราคาขาย_ทุกสินค้า!K5 -> 10 | I5: =ต้นทุนและราคาขาย_ทุกสินค้า!L5 -> 6.8421053 | J5: =ต้นทุนและราคาขาย_ทุกสินค้า!M5 -> 0.68421053 | K5: =ต้นทุนและราคาขาย_ทุกสินค้า!N5 -> 0 | L5: 🟢 คงเดิม (ป้าย 10 บ. เรียกลูกค้า)
A6: 2 | B6: หมูนิ่ม | C6: =ต้นทุนและราคาขาย_ทุกสินค้า!F6 -> 3.75 | D6: =ต้นทุนและราคาขาย_ทุกสินค้า!G6 -> 10 | E6: =ต้นทุนและราคาขาย_ทุกสินค้า!H6 -> 6.25 | F6: =ต้นทุนและราคาขาย_ทุกสินค้า!I6 -> 0.625 | G6: 🟢 กำไรดีมาก | H6: =ต้นทุนและราคาขาย_ทุกสินค้า!K6 -> 10 | I6: =ต้นทุนและราคาขาย_ทุกสินค้า!L6 -> 6.25 | J6: =ต้นทุนและราคาขาย_ทุกสินค้า!M6 -> 0.625 | K6: =ต้นทุนและราคาขาย_ทุกสินค้า!N6 -> 0 | L6: 🟢 คงเดิม (ตัวหลักยอดขาย)
A7: 3 | B7: ปลากลม | C7: =ต้นทุนและราคาขาย_ทุกสินค้า!F7 -> 4.8 | D7: =ต้นทุนและราคาขาย_ทุกสินค้า!G7 -> 10 | E7: =ต้นทุนและราคาขาย_ทุกสินค้า!H7 -> 5.2 | F7: =ต้นทุนและราคาขาย_ทุกสินค้า!I7 -> 0.52 | G7: 🟡 มาตรฐาน | H7: =ต้นทุนและราคาขาย_ทุกสินค้า!K7 -> 10 | I7: =ต้นทุนและราคาขาย_ทุกสินค้า!L7 -> 5.2 | J7: =ต้นทุนและราคาขาย_ทุกสินค้า!M7 -> 0.52 | K7: =ต้นทุนและราคาขาย_ทุกสินค้า!N7 -> 0 | L7: 🟡 ปลอดภัย (คงเดิม 10 บ.)
A8: 4 | B8: N หมู | C8: =ต้นทุนและราคาขาย_ทุกสินค้า!F8 -> 4.4827586 | D8: =ต้นทุนและราคาขาย_ทุกสินค้า!G8 -> 10 | E8: =ต้นทุนและราคาขาย_ทุกสินค้า!H8 -> 5.5172414 | F8: =ต้นทุนและราคาขาย_ทุกสินค้า!I8 -> 0.55172414 | G8: 🟡 มาตรฐาน | H8: =ต้นทุนและราคาขาย_ทุกสินค้า!K8 -> 10 | I8: =ต้นทุนและราคาขาย_ทุกสินค้า!L8 -> 5.5172414 | J8: =ต้นทุนและราคาขาย_ทุกสินค้า!M8 -> 0.55172414 | K8: =ต้นทุนและราคาขาย_ทุกสินค้า!N8 -> 0 | L8: 🟡 ปลอดภัย (คงเดิม 10 บ.)
A9: 5 | B9: N เนื้อ | C9: =ต้นทุนและราคาขาย_ทุกสินค้า!F9 -> 4.4827586 | D9: =ต้นทุนและราคาขาย_ทุกสินค้า!G9 -> 10 | E9: =ต้นทุนและราคาขาย_ทุกสินค้า!H9 -> 5.5172414 | F9: =ต้นทุนและราคาขาย_ทุกสินค้า!I9 -> 0.55172414 | G9: 🟡 มาตรฐาน | H9: =ต้นทุนและราคาขาย_ทุกสินค้า!K9 -> 10 | I9: =ต้นทุนและราคาขาย_ทุกสินค้า!L9 -> 5.5172414 | J9: =ต้นทุนและราคาขาย_ทุกสินค้า!M9 -> 0.55172414 | K9: =ต้นทุนและราคาขาย_ทุกสินค้า!N9 -> 0 | L9: 🟡 ปลอดภัย (คงเดิม 10 บ.)
A10: 6 | B10: เชฟ | C10: =ต้นทุนและราคาขาย_ทุกสินค้า!F10 -> 6.3636364 | D10: =ต้นทุนและราคาขาย_ทุกสินค้า!G10 -> 10 | E10: =ต้นทุนและราคาขาย_ทุกสินค้า!H10 -> 3.6363636 | F10: =ต้นทุนและราคาขาย_ทุกสินค้า!I10 -> 0.36363636 | G10: 🟠 กำไรเริ่มบาง | H10: =ต้นทุนและราคาขาย_ทุกสินค้า!K10 -> 12 | I10: =ต้นทุนและราคาขาย_ทุกสินค้า!L10 -> 5.6363636 | J10: =ต้นทุนและราคาขาย_ทุกสินค้า!M10 -> 0.46969697 | K10: =ต้นทุนและราคาขาย_ทุกสินค้า!N10 -> 2 | L10: 🟢 ฟื้นมาร์จิ้นสูง สุขภาพดี
A11: 7 | B11: หมูปิ้งนมสด 🔥 | C11: =ต้นทุนและราคาขาย_ทุกสินค้า!F11 -> 5.7692308 | D11: =ต้นทุนและราคาขาย_ทุกสินค้า!G11 -> 10 | E11: =ต้นทุนและราคาขาย_ทุกสินค้า!H11 -> 4.2307692 | F11: =ต้นทุนและราคาขาย_ทุกสินค้า!I11 -> 0.42307692 | G11: 🟠 กำไรบาง (ไม่พอกิน) | H11: =ต้นทุนและราคาขาย_ทุกสินค้า!K11 -> 12 | I11: =ต้นทุนและราคาขาย_ทุกสินค้า!L11 -> 6.2307692 | J11: =ต้นทุนและราคาขาย_ทุกสินค้า!M11 -> 0.51923077 | K11: =ต้นทุนและราคาขาย_ทุกสินค้า!N11 -> 2 | L11: 👑 พระเอกสร้างกำไร (ชุด 50 บ.)
A12: 8 | B12: จัมโบ้ | C12: =ต้นทุนและราคาขาย_ทุกสินค้า!F12 -> 6.0714286 | D12: =ต้นทุนและราคาขาย_ทุกสินค้า!G12 -> 10 | E12: =ต้นทุนและราคาขาย_ทุกสินค้า!H12 -> 3.9285714 | F12: =ต้นทุนและราคาขาย_ทุกสินค้า!I12 -> 0.39285714 | G12: 🔴 กำไรต่ำ เสี่ยงขาดทุน | H12: =ต้นทุนและราคาขาย_ทุกสินค้า!K12 -> 12 | I12: =ต้นทุนและราคาขาย_ทุกสินค้า!L12 -> 5.9285714 | J12: =ต้นทุนและราคาขาย_ทุกสินค้า!M12 -> 0.49404762 | K12: =ต้นทุนและราคาขาย_ทุกสินค้า!N12 -> 2 | L12: 🟢 พ้นจุดขาดทุน ปลอดภัย
A13: 9 | B13: หมูยอ | C13: =ต้นทุนและราคาขาย_ทุกสินค้า!F13 -> 6.25 | D13: =ต้นทุนและราคาขาย_ทุกสินค้า!G13 -> 10 | E13: =ต้นทุนและราคาขาย_ทุกสินค้า!H13 -> 3.75 | F13: =ต้นทุนและราคาขาย_ทุกสินค้า!I13 -> 0.375 | G13: 🔴 กินเนื้อตัวเอง | H13: =ต้นทุนและราคาขาย_ทุกสินค้า!K13 -> 12 | I13: =ต้นทุนและราคาขาย_ทุกสินค้า!L13 -> 5.75 | J13: =ต้นทุนและราคาขาย_ทุกสินค้า!M13 -> 0.47916667 | K13: =ต้นทุนและราคาขาย_ทุกสินค้า!N13 -> 2 | L13: 🟢 พรีเมียมกำไรหนา (12-15 บ.)
A14: 10 | B14: จ๊อเหลี่ยม | C14: =ต้นทุนและราคาขาย_ทุกสินค้า!F14 -> 6.25 | D14: =ต้นทุนและราคาขาย_ทุกสินค้า!G14 -> 10 | E14: =ต้นทุนและราคาขาย_ทุกสินค้า!H14 -> 3.75 | F14: =ต้นทุนและราคาขาย_ทุกสินค้า!I14 -> 0.375 | G14: 🔴 กินเนื้อตัวเอง | H14: =ต้นทุนและราคาขาย_ทุกสินค้า!K14 -> 12 | I14: =ต้นทุนและราคาขาย_ทุกสินค้า!L14 -> 5.75 | J14: =ต้นทุนและราคาขาย_ทุกสินค้า!M14 -> 0.47916667 | K14: =ต้นทุนและราคาขาย_ทุกสินค้า!N14 -> 2 | L14: 🟢 พรีเมียมกำไรหนา (12-15 บ.)
A15: 11 | B15: จ๊อห้าดาว ⭐⭐⭐⭐⭐ | C15: =ต้นทุนและราคาขาย_ทุกสินค้า!F15 -> 13.636364 | D15: =ต้นทุนและราคาขาย_ทุกสินค้า!G15 -> - | E15: =ต้นทุนและราคาขาย_ทุกสินค้า!H15 -> - | F15: =ต้นทุนและราคาขาย_ทุกสินค้า!I15 -> - | G15: 🟡 สินค้าใหม่ | H15: =ต้นทุนและราคาขาย_ทุกสินค้า!K15 -> 25 | I15: =ต้นทุนและราคาขาย_ทุกสินค้า!L15 -> 11.363636 | J15: =ต้นทุนและราคาขาย_ทุกสินค้า!M15 -> 0.45454545 | K15: =ต้นทุนและราคาขาย_ทุกสินค้า!N15 -> 11.363636 | L15: ⭐ ไฮเอนด์ กำไรสูงสุดต่อไม้ (฿11.36)
A16: 12 | B16: ไส้กรอกอีสาน 🌭 | C16: =ต้นทุนและราคาขาย_ทุกสินค้า!F16 -> 3.28125 | D16: =ต้นทุนและราคาขาย_ทุกสินค้า!G16 -> 5 | E16: =ต้นทุนและราคาขาย_ทุกสินค้า!H16 -> 1.71875 | F16: =ต้นทุนและราคาขาย_ทุกสินค้า!I16 -> 0.34375 | G16: 🔴 ขาดทุนแฝง แย่สุดในร้าน | H16: =ต้นทุนและราคาขาย_ทุกสินค้า!K16 -> 7 | I16: =ต้นทุนและราคาขาย_ทุกสินค้า!L16 -> 3.71875 | J16: =ต้นทุนและราคาขาย_ทุกสินค้า!M16 -> 0.53125 | K16: =ต้นทุนและราคาขาย_ทุกสินค้า!N16 -> 2 | L16: 🟢 พลิกกำไรพุ่ง 2 เท่า (3 ชิ้น 20)
... A18: 14 | B18: ข้าวเหนียว 10 บ. (130g) 🍚 | C18: =ต้นทุนและราคาขาย_ทุกสินค้า!F18 -> 2.1126761 | D18: =ต้นทุนและราคาขาย_ทุกสินค้า!G18 -> 10 | E18: =ต้นทุนและราคาขาย_ทุกสินค้า!H18 -> 7.8873239 | F18: =ต้นทุนและราคาขาย_ทุกสินค้า!I18 -> 0.78873239 | G18: 🟢 กำไรสูงสุดในร้าน | H18: =ต้นทุนและราคาขาย_ทุกสินค้า!K18 -> 10 | I18: =ต้นทุนและราคาขาย_ทุกสินค้า!L18 -> 7.8873239 | J18: =ต้นทุนและราคาขาย_ทุกสินค้า!M18 -> 0.78873239 | K18: =ต้นทุนและราคาขาย_ทุกสินค้า!N18 -> 0 | L18: 🟢 Super Margin สูงสุด (75.5%)

Sheet ต้นทุนและราคาขาย_ทุกสินค้า
A1: ตารางคำนวณต้นทุน ราคาขายเดิม vs ราคาขายใหม่ และผลกำไรสินค้าครบวงจร (รวม 17 รายการ)
A2: อัปเดตล่าสุด: เพิ่มหมูปิ้งนมสด (300บ./52ไม้), ไส้กรอกอีสาน (105บ./32ชิ้น), ข้าวเหนียว, ของทอด และ จ๊อห้าดาว (150บ./11ไม้ ขาย 25บ.)
A4: ลำดับ | B4: รายการสินค้า | C4: หมวดหมู่ | D4: ต้นทุน/แพ็คหรือถุง (บาท) | E4: จำนวนหน่วย/แพ็ค | F4: ต้นทุน/หน่วย (บาท) | G4: ราคาเดิม (บาท) | H4: กำไรเดิม (บาท) | I4: Margin เดิม | J4: สถานะเดิม | K4: ราคาใหม่ (บาท) | L4: กำไรใหม่ (บาท) | M4: Margin ใหม่ | N4: กำไรเพิ่มขึ้น (บาท) | O4: สถานะใหม่ | P4: สาขาที่มีจำหน่าย
A5: 1 | B5: ฮอตเม็ด | C5: ลูกชิ้นทั่วไป | D5: 60 | E5: 19 | F5: =D5/E5 -> 3.1578947 | G5: 10 | H5: =G5-F5 -> 6.8421053 | I5: =H5/G5 -> 0.68421053 | J5: 🟢 Hero Product | K5: 10 | L5: =K5-F5 -> 6.8421053 | M5: =L5/K5 -> 0.68421053 | N5: =L5-H5 -> 0 | O5: 🟢 คงเดิม (ป้าย 10 บ. เรียกลูกค้า) | P5: ทุกสาขา (สาขา 1-4)
A6: 2 | B6: หมูนิ่ม | C6: ลูกชิ้นทั่วไป | D6: 75 | E6: 20 | F6: =D6/E6 -> 3.75 | G6: 10 | H6: =G6-F6 -> 6.25 | I6: =H6/G6 -> 0.625 | J6: 🟢 กำไรดีมาก | K6: 10 | L6: =K6-F6 -> 6.25 | M6: =L6/K6 -> 0.625 | N6: =L6-H6 -> 0 | O6: 🟢 คงเดิม (ตัวหลักยอดขาย) | P6: ทุกสาขา (สาขา 1-4)
A7: 3 | B7: ปลากลม | C7: ลูกชิ้นทั่วไป | D7: 60 | E7: 12.5 | F7: =D7/E7 -> 4.8 | G7: 10 | H7: =G7-F7 -> 5.2 | I7: =H7/G7 -> 0.52 | J7: 🟡 มาตรฐาน | K7: 10 | L7: =K7-F7 -> 5.2 | M7: =L7/K7 -> 0.52 | N7: =L7-H7 -> 0 | O7: 🟡 ปลอดภัย (คงเดิม 10 บ.) | P7: ทุกสาขา (สาขา 1-4)
A8: 4 | B8: N หมู | C8: ลูกชิ้นทั่วไป | D8: 65 | E8: 14.5 | F8: =D8/E8 -> 4.4827586 | G8: 10 | H8: =G8-F8 -> 5.5172414 | I8: =H8/G8 -> 0.55172414 | J8: 🟡 มาตรฐาน | K8: 10 | L8: =K8-F8 -> 5.5172414 | M8: =L8/K8 -> 0.55172414 | N8: =L8-H8 -> 0 | O8: 🟡 ปลอดภัย (คงเดิม 10 บ.) | P8: ทุกสาขา (สาขา 1-4)
A9: 5 | B9: N เนื้อ | C9: ลูกชิ้นทั่วไป | D9: 65 | E9: 14.5 | F9: =D9/E9 -> 4.4827586 | G9: 10 | H9: =G9-F9 -> 5.5172414 | I9: =H9/G9 -> 0.55172414 | J9: 🟡 มาตรฐาน | K9: 10 | L9: =K9-F9 -> 5.5172414 | M9: =L9/K9 -> 0.55172414 | N9: =L9-H9 -> 0 | O9: 🟡 ปลอดภัย (คงเดิม 10 บ.) | P9: ทุกสาขา (สาขา 1-4)
A10: 6 | B10: เชฟ | C10: ลูกชิ้นพรีเมียม | D10: 70 | E10: 11 | F10: =D10/E10 -> 6.3636364 | G10: 10 | H10: =G10-F10 -> 3.6363636 | I10: =H10/G10 -> 0.36363636 | J10: 🔴 ทุนพุ่ง (ได้ 11 ไม้) กินเนื้อตัวเอง | K10: 12 | L10: =K10-F10 -> 5.6363636 | M10: =L10/K10 -> 0.46969697 | N10: =L10-H10 -> 2 | O10: 🟢 ฟื้นมาร์จิ้นสูง สุขภาพดี | P10: ทุกสาขา (สาขา 1-4)
A11: 7 | B11: หมูปิ้งนมสด 🔥 | C11: หมูปิ้ง & ข้าวเหนียว | D11: 300 | E11: 52 | F11: =D11/E11 -> 5.7692308 | G11: 10 | H11: =G11-F11 -> 4.2307692 | I11: =H11/G11 -> 0.42307692 | J11: 🟠 กำไรบาง (ไม่พอกิน) | K11: 12 | L11: =K11-F11 -> 6.2307692 | M11: =L11/K11 -> 0.51923077 | N11: =L11-H11 -> 2 | O11: 👑 พระเอกสร้างกำไร (ชุด 50 บ.) | P11: ทุกสาขา (สาขา 1-4)
A12: 8 | B12: จัมโบ้ | C12: ลูกชิ้นพรีเมียม | D12: 85 | E12: 14 | F12: =D12/E12 -> 6.0714286 | G12: 10 | H12: =G12-F12 -> 3.9285714 | I12: =H12/G12 -> 0.39285714 | J12: 🔴 กำไรต่ำ เสี่ยงขาดทุน | K12: 12 | L12: =K12-F12 -> 5.9285714 | M12: =L12/K12 -> 0.49404762 | N12: =L12-H12 -> 2 | O12: 🟢 พ้นจุดขาดทุน ปลอดภัย | P12: ทุกสาขา (สาขา 1-4)
A13: 9 | B13: หมูยอ | C13: ลูกชิ้นพรีเมียม | D13: 75 | E13: 12 | F13: =D13/E13 -> 6.25 | G13: 10 | H13: =G13-F13 -> 3.75 | I13: =H13/G13 -> 0.375 | J13: 🔴 กินเนื้อตัวเอง | K13: 12 | L13: =K13-F13 -> 5.75 | M13: =L13/K13 -> 0.47916667 | N13: =L13-H13 -> 2 | O13: 🟢 พรีเมียมกำไรหนา (12-15 บ.) | P13: ทุกสาขา (สาขา 1-4)
A14: 10 | B14: จ๊อเหลี่ยม | C14: ลูกชิ้นพรีเมียม | D14: 75 | E14: 12 | F14: =D14/E14 -> 6.25 | G14: 10 | H14: =G14-F14 -> 3.75 | I14: =H14/G14 -> 0.375 | J14: 🔴 กินเนื้อตัวเอง | K14: 12 | L14: =K14-F14 -> 5.75 | M14: =L14/K14 -> 0.47916667 | N14: =L14-H14 -> 2 | O14: 🟢 พรีเมียมกำไรหนา (12-15 บ.) | P14: ทุกสาขา (สาขา 1-4)
A15: 11 | B15: จ๊อห้าดาว ⭐⭐⭐⭐⭐ | C15: ซูเปอร์พรีเมียม | D15: 150 | E15: 11 | F15: =D15/E15 -> 13.636364 | G15: - | H15: - | I15: - | J15: 🟡 สินค้าใหม่ | K15: 25 | L15: =K15-F15 -> 11.363636 | M15: =L15/K15 -> 0.45454545 | N15: =L15 -> 11.363636 | O15: ⭐ ไฮเอนด์ กำไรสูงสุดต่อไม้ (฿11.36) | P15: ทุกสาขา (สาขา 1-4)
A16: 12 | B16: ไส้กรอกอีสาน 🌭 | C16: ไส้กรอกอีสาน | D16: 105 | E16: 32 | F16: =D16/E16 -> 3.28125 | G16: 5 | H16: =G16-F16 -> 1.71875 | I16: =H16/G16 -> 0.34375 | J16: 🔴 ขาดทุนแฝง แย่สุดในร้าน | K16: 7 | L16: =K16-F16 -> 3.71875 | M16: =L16/K16 -> 0.53125 | N16: =L16-H16 -> 2 | O16: 🟢 พลิกกำไรพุ่ง 2 เท่า (3 ชิ้น 20) | P16: ทุกสาขา (สาขา 1-4)
A17: 13 | B17: ข้าวเหนียว 5 บ. (100g) 🍚 | C17: หมูปิ้ง & ข้าวเหนียว | D17: 30 | E17: 18.5 | F17: =D17/E17 -> 1.6216216 | G17: 5 | H17: =G17-F17 -> 3.3783784 | I17: =H17/G17 -> 0.67567568 | J17: 🟢 กำไรดีมาก | K17: 5 | L17: =K17-F17 -> 3.3783784 | M17: =L17/K17 -> 0.67567568 | N17: =L17-H17 -> 0 | O17: 🟢 ตัวดึง Margin หลัก (61%) | P17: ทุกสาขา (สาขา 1-4)
A18: 14 | B18: ข้าวเหนียว 10 บ. (130g) 🍚 | C18: หมูปิ้ง & ข้าวเหนียว | D18: 30 | E18: 14.2 | F18: =D18/E18 -> 2.1126761 | G18: 10 | H18: =G18-F18 -> 7.8873239 | I18: =H18/G18 -> 0.78873239 | J18: 🟢 กำไรสูงสุดในร้าน | K18: 10 | L18: =K18-F18 -> 7.8873239 | M18: =L18/K18 -> 0.78873239 | N18: =L18-H18 -> 0 | O18: 🟢 Super Margin สูงสุด (75.5%) | P18: ทุกสาขา (สาขา 1-4)
A19: 15 | B19: กล้วยทอด 🍌 | C19: ของทอด | D19: 29 | E19: 20 | F19: =D19/E19 -> 1.45 | G19: 10 | H19: =G19-F19 -> 8.55 | I19: =H19/G19 -> 0.855 | J19: 🟡 บิลเล็ก (3 ชิ้น 10 บ.) | K19: 20 | L19: =K19-F19 -> 18.55 | M19: =L19/K19 -> 0.9275 | N19: =L19-H19 -> 10 | O19: 🟢 ขยับบิลเป็นชุด 20 บ. (6 ชิ้น) | P19: เฉพาะ สาขา 2, 3, 4
A20: 16 | B20: มันทอด 🍠 | C20: ของทอด | D20: 32 | E20: 20 | F20: =D20/E20 -> 1.6 | G20: 10 | H20: =G20-F20 -> 8.4 | I20: =H20/G20 -> 0.84 | J20: 🟡 บิลเล็ก (3 ชิ้น 10 บ.) | K20: 20 | L20: =K20-F20 -> 18.4 | M20: =L20/K20 -> 0.92 | N20: =L20-H20 -> 10 | O20: 🟢 ขยับบิลเป็นชุด 20 บ. (6 ชิ้น) | P20: เฉพาะ สาขา 2, 3, 4
A21: 17 | B21: ขนมไข่เต่า 🥚 | C21: ของทอด | D21: 20 | E21: 20 | F21: =D21/E21 -> 1 | G21: 10 | H21: =G21-F21 -> 9 | I21: =H21/G21 -> 0.9 | J21: 🟡 บิลเล็ก ลูกค้าไม่อิ่ม | K21: 20 | L21: =K21-F21 -> 19 | M21: =L21/K21 -> 0.95 | N21: =L21-H21 -> 10 | O21: 🟢 ชุดยอดฮิต กินเพลิน (7 ลูก) | P21: เฉพาะ สาขา 2, 3, 4
B22: เฉลี่ยสินค้ากลุ่มไม้ (1-11) | D22: =AVERAGE(D5:D15) -> 98.181818 | E22: =AVERAGE(E5:E15) -> 17.5 | F22: =AVERAGE(F5:F15) -> 5.9103701 | K22: =AVERAGE(K5:K15) -> 12.272727 | L22: =AVERAGE(L5:L15) -> 6.3623572 | M22: =AVERAGE(M5:M15) -> 0.52986481
B23: รวมต้นทุนและกำไรต่อรอบ (อย่างละ 1 แพ็ค) | D23: =SUM(D5:D21) -> 1326 | E23: =SUM(E5:E21) -> 317.2

Sheet จุดคุ้มทุน 4 สาขา
A1: การวิเคราะห์จุดคุ้มทุน (Break-Even Analysis) ทั้ง 4 สาขา
A2: คำนวณจากราคาขายไม้ละ 10 บาท (กำไรขั้นต้นเฉลี่ย 5.15 บาท/ไม้) เทียบกับค่าแรงและค่าเช่าคงที่แต่ละสาขา
A4: 1. จุดคุ้มทุนรายวัน (Daily Break-Even Point)
A5: สาขา | B5: ค่าแรง/วัน (บาท) | C5: ค่าเช่าเฉลี่ย/วัน (บาท) | D5: ต้นทุนคงที่รวม/วัน (บาท) | E5: ยอดขายคุ้มทุน (ไม้/วัน) | F5: ยอดขายคุ้มทุน (บาท/วัน) | G5: ยอดขายจริงปัจจุบัน (บาท/วัน) | H5: สถานะความปลอดภัย
A6: สาขา 1 | B6: 350 | C6: 166.67 | D6: =B6+C6 -> 516.67 | E6: =ROUNDUP(D6/5.1538, 0) -> 101 | F6: =E6*10 -> 1010 | G6: 1116 | H6: =IF(G6>=F6,"ผ่านคุ้มทุน (" & TEXT(G6/F6,"0%") & ")","ยังไม่คุ้มทุน") -> ผ่านคุ้มทุน (110%)
A7: สาขา 2 | B7: 350 | C7: 111.11 | D7: =B7+C7 -> 461.11 | E7: =ROUNDUP(D7/5.1538, 0) -> 90 | F7: =E7*10 -> 900 | G7: 1061 | H7: =IF(G7>=F7,"ผ่านคุ้มทุน (" & TEXT(G7/F7,"0%") & ")","ยังไม่คุ้มทุน") -> ผ่านคุ้มทุน (118%)
A8: สาขา 3 | B8: 350 | C8: 133.33 | D8: =B8+C8 -> 483.33 | E8: =ROUNDUP(D8/5.1538, 0) -> 94 | F8: =E8*10 -> 940 | G8: 1408 | H8: =IF(G8>=F8,"ผ่านคุ้มทุน (" & TEXT(G8/F8,"0%") & ")","ยังไม่คุ้มทุน") -> ผ่านคุ้มทุน (150%)
A9: สาขา 4 | B9: 350 | C9: 111.11 | D9: =B9+C9 -> 461.11 | E9: =ROUNDUP(D9/5.1538, 0) -> 90 | F9: =E9*10 -> 900 | G9: 1244 | H9: =IF(G9>=F9,"ผ่านคุ้มทุน (" & TEXT(G9/F9,"0%") & ")","ยังไม่คุ้มทุน") -> ผ่านคุ้มทุน (138%)
A10: รวม 4 สาขา | B10: =SUM(B6:B9) -> 1400 | C10: =SUM(C6:C9) -> 522.22 | D10: =SUM(D6:D9) -> 1922.22 | E10: =SUM(E6:E9) -> 375 | F10: =E10*10 -> 3750 | G10: =SUM(G6:G9) -> 4829 | H10: =IF(G10>=F10,"ผ่านคุ้มทุน (" & TEXT(G10/F10,"0%") & ")","ยังไม่คุ้มทุน") -> ผ่านคุ้มทุน (129%)
A12: 2. จุดคุ้มทุนรายเดือน (Monthly Break-Even Point : 30 วัน)
A13: สาขา | B13: ค่าแรง/เดือน (บาท) | C13: ค่าเช่าร้าน/เดือน (บาท) | D13: ต้นทุนคงที่รวม/เดือน (บาท) | E13: ยอดขายคุ้มทุน (ไม้/เดือน) | F13: ยอดขายคุ้มทุน (บาท/เดือน) | G13: เทียบเท่าจำนวนแพ็ค (แพ็ค/เดือน) | H13: ยอดขายเฉลี่ย/วัน (เป้าหมาย)
A14: สาขา 1 | B14: =B6*30 -> 10500 | C14: =C6*30 -> 5000.1 | D14: =B14+C14 -> 15500.1 | E14: =ROUNDUP(D14/5.1538, 0) -> 3008 | F14: =E14*10 -> 30080 | G14: =ROUNDUP(E14/14.44, 0) -> 209 | H14: =F14/30 -> 1002.6667
A15: สาขา 2 | B15: =B7*30 -> 10500 | C15: =C7*30 -> 3333.3 | D15: =B15+C15 -> 13833.3 | E15: =ROUNDUP(D15/5.1538, 0) -> 2685 | F15: =E15*10 -> 26850 | G15: =ROUNDUP(E15/14.44, 0) -> 186 | H15: =F15/30 -> 895
A16: สาขา 3 | B16: =B8*30 -> 10500 | C16: =C8*30 -> 3999.9 | D16: =B16+C16 -> 14499.9 | E16: =ROUNDUP(D16/5.1538, 0) -> 2814 | F16: =E16*10 -> 28140 | G16: =ROUNDUP(E16/14.44, 0) -> 195 | H16: =F16/30 -> 938
A17: สาขา 4 | B17: =B9*30 -> 10500 | C17: =C9*30 -> 3333.3 | D17: =B17+C17 -> 13833.3 | E17: =ROUNDUP(D17/5.1538, 0) -> 2685 | F17: =E17*10 -> 26850 | G17: =ROUNDUP(E17/14.44, 0) -> 186 | H17: =F17/30 -> 895
A18: รวม 4 สาขา | B18: =SUM(B14:B17) -> 42000 | C18: =SUM(C14:C17) -> 15666.6 | D18: =SUM(D14:D17) -> 57666.6 | E18: =SUM(E14:E17) -> 11192 | F18: =E18*10 -> 111920 | G18: =SUM(G14:G17) -> 776 | H18: =F18/30 -> 3730.6667
A20: 3. จำลองจุดคุ้มทุนหากขายเฉพาะสินค้ารายการนั้นๆ (กรณีขายเฉพาะรายการเดียวใน 1 วัน)
A21: รายการสินค้า | B21: ต้นทุน/ไม้ (บาท) | C21: กำไร/ไม้ (บาท) | D21: สาขา 1 (ไม้/วัน) | E21: สาขา 2 (ไม้/วัน) | F21: สาขา 3 (ไม้/วัน) | G21: สาขา 4 (ไม้/วัน) | H21: รวม 4 สาขา (ไม้/วัน)
A22: ฮอตเม็ด | B22: 3 | C22: 7 | D22: =ROUNDUP(516.67/C22, 0) -> 74 | E22: =ROUNDUP(461.11/C22, 0) -> 66 | F22: =ROUNDUP(483.33/C22, 0) -> 70 | G22: =ROUNDUP(461.11/C22, 0) -> 66 | H22: =ROUNDUP(1922.22/C22, 0) -> 275
A23: หมูนิ่ม | B23: 3.75 | C23: 6.25 | D23: =ROUNDUP(516.67/C23, 0) -> 83 | E23: =ROUNDUP(461.11/C23, 0) -> 74 | F23: =ROUNDUP(483.33/C23, 0) -> 78 | G23: =ROUNDUP(461.11/C23, 0) -> 74 | H23: =ROUNDUP(1922.22/C23, 0) -> 308
A24: ปลากลม | B24: 4.62 | C24: 5.38 | D24: =ROUNDUP(516.67/C24, 0) -> 97 | E24: =ROUNDUP(461.11/C24, 0) -> 86 | F24: =ROUNDUP(483.33/C24, 0) -> 90 | G24: =ROUNDUP(461.11/C24, 0) -> 86 | H24: =ROUNDUP(1922.22/C24, 0) -> 358
A25: N หมู | B25: 5 | C25: 5 | D25: =ROUNDUP(516.67/C25, 0) -> 104 | E25: =ROUNDUP(461.11/C25, 0) -> 93 | F25: =ROUNDUP(483.33/C25, 0) -> 97 | G25: =ROUNDUP(461.11/C25, 0) -> 93 | H25: =ROUNDUP(1922.22/C25, 0) -> 385
A26: N เนื้อ | B26: 5 | C26: 5 | D26: =ROUNDUP(516.67/C26, 0) -> 104 | E26: =ROUNDUP(461.11/C26, 0) -> 93 | F26: =ROUNDUP(483.33/C26, 0) -> 97 | G26: =ROUNDUP(461.11/C26, 0) -> 93 | H26: =ROUNDUP(1922.22/C26, 0) -> 385
A27: เชฟ | B27: 5.38 | C27: 4.62 | D27: =ROUNDUP(516.67/C27, 0) -> 112 | E27: =ROUNDUP(461.11/C27, 0) -> 100 | F27: =ROUNDUP(483.33/C27, 0) -> 105 | G27: =ROUNDUP(461.11/C27, 0) -> 100 | H27: =ROUNDUP(1922.22/C27, 0) -> 417
A28: จัมโบ้ | B28: 6.07 | C28: 3.93 | D28: =ROUNDUP(516.67/C28, 0) -> 132 | E28: =ROUNDUP(461.11/C28, 0) -> 118 | F28: =ROUNDUP(483.33/C28, 0) -> 123 | G28: =ROUNDUP(461.11/C28, 0) -> 118 | H28: =ROUNDUP(1922.22/C28, 0) -> 490
A29: หมูยอ | B29: 6.25 | C29: 3.75 | D29: =ROUNDUP(516.67/C29, 0) -> 138 | E29: =ROUNDUP(461.11/C29, 0) -> 123 | F29: =ROUNDUP(483.33/C29, 0) -> 129 | G29: =ROUNDUP(461.11/C29, 0) -> 123 | H29: =ROUNDUP(1922.22/C29, 0) -> 513
A30: จ๊อเหลี่ยม | B30: 6.25 | C30: 3.75 | D30: =ROUNDUP(516.67/C30, 0) -> 138 | E30: =ROUNDUP(461.11/C30, 0) -> 123 | F30: =ROUNDUP(483.33/C30, 0) -> 129 | G30: =ROUNDUP(461.11/C30, 0) -> 123 | H30: =ROUNDUP(1922.22/C30, 0) -> 513
A31: หมูปิ้งนมสด (ราคาใหม่ 12 บ.) | B31: 5.77 | C31: 6.23 | D31: =ROUNDUP(D$6/C31, 0) -> 83 | E31: =ROUNDUP(D$7/C31, 0) -> 75 | F31: =ROUNDUP(D$8/C31, 0) -> 78 | G31: =ROUNDUP(D$9/C31, 0) -> 75 | H31: =ROUNDUP(D$10/C31, 0) -> 309
A32: จ๊อห้าดาว ⭐ (ราคาใหม่ 25 บ.) | B32: 13.64 | C32: 11.36 | D32: =ROUNDUP(D$6/C32, 0) -> 46 | E32: =ROUNDUP(D$7/C32, 0) -> 41 | F32: =ROUNDUP(D$8/C32, 0) -> 43 | G32: =ROUNDUP(D$9/C32, 0) -> 41 | H32: =ROUNDUP(D$10/C32, 0) -> 170
A33: ไส้กรอกอีสาน 🌭 (ราคาใหม่ 7 บ.) | B33: 3.28 | C33: 3.72 | D33: =ROUNDUP(D$6/C33, 0) -> 139 | E33: =ROUNDUP(D$7/C33, 0) -> 124 | F33: =ROUNDUP(D$8/C33, 0) -> 130 | G33: =ROUNDUP(D$9/C33, 0) -> 124 | H33: =ROUNDUP(D$10/C33, 0) -> 517
A34: ข้าวเหนียว 5 บ. (100g) | B34: 1.95 | C34: 3.05 | D34: =ROUNDUP(D$6/C34, 0) -> 170 | E34: =ROUNDUP(D$7/C34, 0) -> 152 | F34: =ROUNDUP(D$8/C34, 0) -> 159 | G34: =ROUNDUP(D$9/C34, 0) -> 152 | H34: =ROUNDUP(D$10/C34, 0) -> 631
A35: ข้าวเหนียว 10 บ. (130g) | B35: 2.45 | C35: 7.55 | D35: =ROUNDUP(D$6/C35, 0) -> 69 | E35: =ROUNDUP(D$7/C35, 0) -> 62 | F35: =ROUNDUP(D$8/C35, 0) -> 65 | G35: =ROUNDUP(D$9/C35, 0) -> 62 | H35: =ROUNDUP(D$10/C35, 0) -> 255
A36: กล้วยทอด (ชุด 20 บ. 6 ชิ้น) | B36: 8.7 | C36: 11.3 | D36: =ROUNDUP(D$6/C36, 0) -> 46 | E36: =ROUNDUP(D$7/C36, 0) -> 41 | F36: =ROUNDUP(D$8/C36, 0) -> 43 | G36: =ROUNDUP(D$9/C36, 0) -> 41 | H36: =ROUNDUP(D$10/C36, 0) -> 171
A37: มันทอด (ชุด 20 บ. 6 ชิ้น) | B37: 9.6 | C37: 10.4 | D37: =ROUNDUP(D$6/C37, 0) -> 50 | E37: =ROUNDUP(D$7/C37, 0) -> 45 | F37: =ROUNDUP(D$8/C37, 0) -> 47 | G37: =ROUNDUP(D$9/C37, 0) -> 45 | H37: =ROUNDUP(D$10/C37, 0) -> 185
A38: ขนมไข่เต่า (ชุด 20 บ. 7 ลูก) | B38: 7 | C38: 13 | D38: =ROUNDUP(D$6/C38, 0) -> 40 | E38: =ROUNDUP(D$7/C38, 0) -> 36 | F38: =ROUNDUP(D$8/C38, 0) -> 38 | G38: =ROUNDUP(D$9/C38, 0) -> 36 | H38: =ROUNDUP(D$10/C38, 0) -> 148

Sheet คำนวณต้นทุนการผลิตจริง
A1: 🔬 ตารางวิเคราะห์ต้นทุนการผลิตจริง (Actual Production Yield Analysis)
A2: เปรียบเทียบต้นทุนต่อไม้และกำไร: กรณีได้ผลผลิตขั้นต่ำ vs ค่าเฉลี่ย vs สูงสุด ตามข้อมูลหน้าเตาจริง
A4: ลำดับ | B4: รายการสินค้า | C4: ต้นทุน/ถุง (บ.) | D4: จำนวนไม้ผลิตจริง | E4: ทุนกรณี Min (บ./ไม้) | F4: ทุนเฉลี่ย (บ./ไม้) | G4: ทุนกรณี Max (บ./ไม้) | H4: ราคาเดิม (บ.) | I4: กำไรเฉลี่ยเดิม (บ.) | J4: ราคาใหม่ (บ.) | K4: กำไรเฉลี่ยใหม่ (บ.) | L4: Margin ใหม่ | M4: ข้อวิเคราะห์และคำแนะนำเชิงกลยุทธ์
A5: 1 | B5: ฮอตเม็ด | C5: 60 | D5: 18 - 20 ไม้ | E5: =C5/18 -> 3.3333333 | F5: =C5/19 -> 3.1578947 | G5: =C5/20 -> 3 | H5: 10 | I5: =H5-F5 -> 6.8421053 | J5: 10 | K5: =J5-F5 -> 6.8421053 | L5: =K5/J5 -> 0.68421053 | M5: 🟢 กำไรดีมาก (มาร์จิ้น 68%) ป้าย 10 บ. เรียกลูกค้าดีเยี่ยม
A6: 2 | B6: ปลากลม | C6: 60 | D6: 12 - 13 ไม้ | E6: =C6/12 -> 5 | F6: =C6/12.5 -> 4.8 | G6: =C6/13 -> 4.6153846 | H6: 10 | I6: =H6-F6 -> 5.2 | J6: 10 | K6: =J6-F6 -> 5.2 | L6: =K6/J6 -> 0.52 | M6: 🟡 ต้นทุนขยับขึ้นเป็น ฿4.80 กำไร ฿5.20 ยังอยู่ในเกณฑ์ปลอดภัย
A7: 3 | B7: เอ็นหมู (N หมู) | C7: 65 | D7: 14 - 15 ไม้ | E7: =C7/14 -> 4.6428571 | F7: =C7/14.5 -> 4.4827586 | G7: =C7/15 -> 4.3333333 | H7: 10 | I7: =H7-F7 -> 5.5172414 | J7: 10 | K7: =J7-F7 -> 5.5172414 | L7: =K7/J7 -> 0.55172414 | M7: 🟢 เยี่ยมมาก! เสียบได้เยอะขึ้น ทุนลดเหลือ ฿4.48 กำไรพุ่ง 55%
A8: 4 | B8: เอ็นเนื้อ (N เนื้อ) | C8: 65 | D8: 14 - 15 ไม้ | E8: =C8/14 -> 4.6428571 | F8: =C8/14.5 -> 4.4827586 | G8: =C8/15 -> 4.3333333 | H8: 10 | I8: =H8-F8 -> 5.5172414 | J8: 10 | K8: =J8-F8 -> 5.5172414 | L8: =K8/J8 -> 0.55172414 | M8: 🟢 เยี่ยมมาก! เสียบได้เยอะขึ้น ทุนลดเหลือ ฿4.48 กำไรพุ่ง 55%
A9: 5 | B9: เชฟ | C9: 70 | D9: 11 ไม้คงที่ | E9: =C9/11 -> 6.3636364 | F9: =C9/11 -> 6.3636364 | G9: =C9/11 -> 6.3636364 | H9: 10 | I9: =H9-F9 -> 3.6363636 | J9: 12 | K9: =J9-F9 -> 5.6363636 | L9: =K9/J9 -> 0.46969697 | M9: 🚨 สำคัญสุด! ทุนพุ่งเป็น ฿6.36 ขาย 10บ.กำไรบางมาก ต้องขาย 12บ.เท่านั้น
A10: 6 | B10: หมูยอ | C10: 75 | D10: 12 ไม้คงที่ | E10: =C10/12 -> 6.25 | F10: =C10/12 -> 6.25 | G10: =C10/12 -> 6.25 | H10: 10 | I10: =H10-F10 -> 3.75 | J10: 12 | K10: =J10-F10 -> 5.75 | L10: =K10/J10 -> 0.47916667 | M10: 🟢 ทุน ฿6.25 ขายราคาใหม่ 12 บ. กำไรหนา ฿5.75 (48%)
A11: 7 | B11: จัมโบ้ | C11: 85 | D11: 14 ไม้คงที่ | E11: =C11/14 -> 6.0714286 | F11: =C11/14 -> 6.0714286 | G11: =C11/14 -> 6.0714286 | H11: 10 | I11: =H11-F11 -> 3.9285714 | J11: 12 | K11: =J11-F11 -> 5.9285714 | L11: =K11/J11 -> 0.49404762 | M11: 🟢 ทุน ฿6.07 ขายราคาใหม่ 12 บ. กำไร ฿5.93 พ้นจุดเสี่ยงขาดทุน
A12: 8 | B12: จ๊อ5ดาว ⭐ | C12: 150 | D12: 11 ไม้คงที่ | E12: =C12/11 -> 13.636364 | F12: =C12/11 -> 13.636364 | G12: =C12/11 -> 13.636364 | H12: - | I12: - | J12: 25 | K12: =J12-F12 -> 11.363636 | L12: =K12/J12 -> 0.45454545 | M12: 👑 ไฮเอนด์ กำไรสูงสุดในร้าน ฿11.36/ไม้ ขาย 40 กว่าไม้คืนทุน Fixed Cost
A13: 9 | B13: ปลาระเบิด 💥 | C13: 60 | D13: 22 - 23 ไม้ | E13: =C13/22 -> 2.7272727 | F13: =C13/22.5 -> 2.6666667 | G13: =C13/23 -> 2.6086957 | H13: 10 | I13: =H13-F13 -> 7.3333333 | J13: 10 | K13: =J13-F13 -> 7.3333333 | L13: =K13/J13 -> 0.73333333 | M13: ⭐ Super Hero! ทุนต่ำสุด ฿2.67 กำไรสูง ฿7.33/ไม้ (73%) *ประมาณการทุน 60บ.
